id, start_year, end_year, min_lat, max_lat, min_lon, max_lon, aoi_area_ha, loss_area_ha, loss_pct, before_mean, after_mean, diff_mean, label

sample_20250822_154447,2022,2024,-9.383098467317406,-9.283098467317407,-65.34029162607914,-65.24029162607914,0.0,32.56242852783203,0.0,0.5100938836149446,0.4996685626467919,-0.010425320968152685,0
sample_20250822_154516,2022,2024,-5.166588018548558,-5.066588018548559,-54.9825657130993,-54.8825657130993,0.0,4.00725849609375,0.0,0.5222283035486686,0.5221444899968617,-8.381355180686612e-05,0
sample_20250822_154556,2022,2024,-1.2134848225760209,-1.1134848225760208,-68.9724779280324,-68.87247792803241,0.0,16.544486678012024,0.0,0.49966580860026166,0.5051693229787741,0.005503514378512486,0
sample_20250822_154701,2022,2024,-4.159838754563802,-4.059838754563803,-65.36705173945302,-65.26705173945302,0.0,0.35669369506835935,0.0,0.4962987062962388,0.4933651473079209,-0.0029335589883178748,0
sample_20250822_154726,2022,2024,-3.235189362593591,-3.1351893625935907,-60.80409008281367,-60.70409008281367,0.0,345.34742918409154,0.0,0.3124628772924005,0.31563330075943286,0.003170423467032335,0
sample_20250822_154827,2022,2024,-1.0035069558827487,-0.9035069558827488,-65.69582035672248,-65.59582035672248,0.0,1.8434339099121095,0.0,0.4952246769601603,0.4903175363734796,-0.004907140586680736,0
sample_20250822_154928,2022,2024,-3.720663867128298,-3.620663867128298,-57.65787972779678,-57.55787972779678,0.0,89.86808958244774,0.0,0.4619515579069072,0.4616325875935047,-0.00031897031340250015,0
sample_20250822_155005,2022,2024,-0.0875221603183931,0.0124778396816069,-62.46151616893071,-62.361516168930706,0.0,9.74432509765625,0.0,0.3164718848561218,0.3242757993179642,0.007803914461842365,0
sample_20250822_155032,2022,2024,-0.6669967684547462,-0.5669967684547462,-68.9548598213638,-68.8548598213638,0.0,8.04534937133789,0.0,0.4845527215370213,0.4823722953815383,-0.002180426155482973,0
sample_20250822_155054,2022,2024,-5.943815741146064,-5.843815741146065,-64.98166260783914,-64.88166260783915,0.0,120.67763102168064,0.0,0.493414307166498,0.4846109836383742,-0.008803323528123796,0
sample_20250822_155134,2022,2024,-8.72998950911569,-8.62998950911569,-65.44237950509284,-65.34237950509285,0.0,4.066191247558594,0.0,0.4970938560729612,0.4847863814982499,-0.012307474574711319,0
sample_20250822_155203,2022,2024,-9.599684007132023,-9.499684007132023,-63.50171157612361,-63.40171157612361,0.0,1014.5173878281778,0.0,0.3437607146384703,0.34128206842602743,-0.00247864621244287,0
sample_20250822_155314,2022,2024,-9.119956479871721,-9.019956479871722,-61.22583251882089,-61.125832518820886,0.0,1045.321190198281,0.0,0.48033686456623326,0.4659317130824665,-0.014405151483766754,0
sample_20250822_155343,2022,2024,-2.6107306077563344,-2.5107306077563343,-67.2918207799249,-67.19182077992491,0.0,220.95023837378406,0.0,0.27360231081144415,0.31535305681240916,0.04175074600096501,0
sample_20250822_155407,2022,2024,-8.135907961172455,-8.035907961172455,-52.658121910841096,-52.558121910841095,0.0,0.5173349581849341,0.0,0.5430512841264455,0.5531919136972329,0.010140629570787318,0
sample_20250822_155437,2022,2024,-6.539614357740855,-6.439614357740855,-56.87968884240166,-56.77968884240166,0.0,50.747259998946845,0.0,0.5061540561091282,0.5034733980331267,-0.0026806580760014853,0
sample_20250822_155508,2022,2024,-0.06385887172087124,0.03614112827912877,-50.008717111374125,-49.90871711137412,0.0,151.55189125280043,0.0,0.41644543268349304,0.43968553933405685,0.023240106650563808,0
sample_20250822_155550,2022,2024,-1.9074916764886591,-1.807491676488659,-60.405721110436225,-60.305721110436224,0.0,73.16037491031422,0.0,0.49455905177250464,0.5042347271640136,0.009675675391508987,0
sample_20250822_155624,2022,2024,-7.151702103510027,-7.051702103510028,-62.91512289904936,-62.815122899049356,0.0,109.81613015861953,0.0,0.37147226785776205,0.3773314409677556,0.005859173109993565,0
sample_20250822_155655,2022,2024,-7.608118361135504,-7.508118361135504,-59.26666855344731,-59.16666855344731,0.0,7.7116652221679685,0.0,0.526276970360328,0.5152311071761482,-0.011045863184179772,0
sample_20250822_155731,2022,2024,-8.739118084005684,-8.639118084005684,-58.40030758176197,-58.30030758176197,0.0,3.2708854431152345,0.0,0.4704989181653085,0.4697061126732007,-0.000792805492107751,0
sample_20250822_155754,2022,2024,-5.904321234045534,-5.804321234045535,-50.878902590164785,-50.77890259016478,0.0,0.9783577697753906,0.0,0.5328704971954288,0.5388460382469413,0.005975541051512545,0
sample_20250822_155820,2022,2024,-2.4167112986026034,-2.3167112986026033,-51.81773044274388,-51.71773044274388,0.0,858.2975458987726,0.0,0.5317988443018331,0.504714782178454,-0.027084062123379105,0
sample_20250822_155857,2022,2024,-5.736213078462805,-5.636213078462806,-59.240261105554254,-59.14026110555425,0.0,0.9786866455078125,0.0,0.5044972075695855,0.5014361823548016,-0.003061025214783908,0
sample_20250822_155930,2022,2024,-9.990697267249146,-9.890697267249147,-63.63479065947424,-63.53479065947424,0.0,985.3385545514976,0.0,0.39370129665000164,0.3726390475799892,-0.021062249070012418,0
sample_20250822_155955,2022,2024,-8.564450880587575,-8.464450880587576,-61.07618154542198,-60.97618154542198,0.0,3.62608525390625,0.0,0.5121661970694504,0.5048708403554397,-0.0072953567140107145,0
sample_20250822_160020,2022,2024,-2.5627737354891957,-2.4627737354891956,-68.37916418247009,-68.2791641824701,0.0,0.6248689017262179,0.0,0.4898346083757822,0.4918478671476375,0.0020132587718553197,0
sample_20250822_160048,2022,2024,-3.5506082734931264,-3.4506082734931263,-69.11858764828203,-69.01858764828204,0.0,168.44733586181638,0.0,0.48068165962843884,0.48577311697442466,0.005091457345985817,0
sample_20250822_160119,2022,2024,-3.795092175406415,-3.695092175406415,-55.08338104305698,-54.98338104305698,0.0,0.892110009765625,0.0,0.5236850624155205,0.5299196486116963,0.006234586196175784,0
sample_20250822_160139,2022,2024,-2.1867682252310345,-2.0867682252310344,-69.22367681400024,-69.12367681400025,0.0,361.1253572197888,0.0,0.47562358157871226,0.46285656027414135,-0.012767021304570914,0
sample_20250822_160214,2022,2024,-6.071383997508749,-5.97138399750875,-52.19437089495037,-52.094370894950366,0.0,760.3861719883816,0.0,0.43111581061104537,0.43753600106309876,0.006420190452053387,0
sample_20250822_160243,2022,2024,-1.9345982016310899,-1.8345982016310898,-65.27955926889665,-65.17955926889665,0.0,30.826931473197188,0.0,0.4596577481768167,0.45937038814820247,-0.0002873600286142364,0
sample_20250822_160312,2022,2024,-1.253900554467835,-1.153900554467835,-50.17566631083024,-50.075666310830236,0.0,28.935998078326055,0.0,0.519925521881216,0.5238537069716105,0.003928185090394498,0
sample_20250822_160345,2022,2024,-7.4358624289139446,-7.335862428913945,-60.288092940859116,-60.188092940859114,0.0,95.58380320930031,0.0,0.48164835232225767,0.47821249455161474,-0.003435857770642925,0
sample_20250822_160404,2022,2024,-4.4214005933174825,-4.321400593317483,-69.53227133282937,-69.43227133282937,0.0,13.126121015194164,0.0,0.5155117654752828,0.49530686120711737,-0.020204904268165402,0
sample_20250822_160431,2022,2024,-7.155507407779802,-7.055507407779802,-55.78379043651961,-55.68379043651961,0.0,964.2973602600332,0.0,0.48630150164080743,0.4706502651506295,-0.01565123649017791,0
sample_20250822_160501,2022,2024,-1.7441514840945995,-1.6441514840945994,-54.35051930621427,-54.250519306214265,0.0,779.0851274984669,0.0,0.47912698109599017,0.4624400451214613,-0.01668693597452886,0
sample_20250822_160529,2022,2024,-9.308883867739805,-9.208883867739805,-50.577143621562826,-50.477143621562824,0.0,586.7430644216022,0.0,0.33785926405010636,0.33325603075642785,-0.00460323329367851,0
sample_20250822_160629,2022,2024,-6.408271492051096,-6.308271492051096,-53.97931462874254,-53.87931462874254,0.0,48.30182991323434,0.0,0.5248357449480997,0.5184118820150767,-0.006423862933022995,0
sample_20250822_160701,2022,2024,-2.2197710811381812,-2.119771081138181,-55.15555948518172,-55.05555948518172,0.0,181.96040232244778,0.0,-0.009145028090914772,0.0330075750129419,0.04215260310385667,0
sample_20250822_160724,2022,2024,-1.5227724575336303,-1.4227724575336302,-66.1322561520742,-66.03225615207421,0.0,4.602268047999962,0.0,0.49084916353256186,0.49569977483603944,0.004850611303477581,0
sample_20250822_160753,2022,2024,-7.010025810993945,-6.910025810993945,-60.690049360523766,-60.590049360523764,0.0,51.341589357407514,0.0,0.4674652796110009,0.46860371883234686,0.0011384392213459882,0
sample_20250822_160810,2022,2024,-3.142946976001797,-3.042946976001797,-51.30981198922562,-51.20981198922562,0.0,1127.5728817268175,0.0,0.5121943867472378,0.49505967873493334,-0.01713470801230449,0
sample_20250822_160829,2022,2024,-8.113197067912202,-8.013197067912202,-61.5899574695632,-61.4899574695632,0.0,817.5691492822757,0.0,0.39937708858495674,0.3817680661356755,-0.017609022449281253,0
sample_20250822_160851,2022,2024,-3.345459043809801,-3.245459043809801,-66.61448147068481,-66.51448147068481,0.0,4.819668951416015,0.0,0.5106509580329108,0.501897881468216,-0.008753076564694817,0
sample_20250822_160911,2022,2024,-5.069640883889957,-4.969640883889958,-61.38797651403958,-61.28797651403958,0.0,0.0,0.0,0.44083812894357327,0.4420389387632049,0.0012008098196316097,0
sample_20250822_160948,2022,2024,-9.601718580986232,-9.501718580986232,-52.06620973151129,-51.96620973151129,0.0,539.3314949002848,0.0,0.3933118470926632,0.3845822928524047,-0.008729554240258508,0
sample_20250822_161014,2022,2024,-4.764697128201371,-4.664697128201372,-66.39177406029603,-66.29177406029604,0.0,0.8910547973632813,0.0,0.5086451082311512,0.4959135070332407,-0.012731601197910447,0
sample_20250822_161053,2022,2024,-1.2797232325206345,-1.1797232325206344,-52.884486441185935,-52.78448644118593,0.0,115.93005553560145,0.0,0.4977281239194389,0.49569864109034895,-0.0020294828290899347,0
sample_20250822_161119,2022,2024,-6.238614900966477,-6.138614900966477,-55.54289936818937,-55.442899368189366,0.0,1241.709905282294,0.0,0.49787966819646434,0.4695625308332089,-0.028317137363255418,0
sample_20250822_161148,2022,2024,-1.4188776026712482,-1.318877602671248,-63.244225072112826,-63.144225072112825,0.0,0.0893732177734375,0.0,0.5045811076801232,0.5078555612792852,0.0032744535991620083,0
sample_20250822_161219,2022,2024,-3.4740084299345177,-3.3740084299345177,-64.18717010350672,-64.08717010350672,0.0,208.87584794581997,0.0,0.3630081284406871,0.3863860261779753,0.02337789773728821,0
sample_20250822_161317,2022,2024,-2.4716382436010047,-2.3716382436010046,-65.53062338724263,-65.43062338724263,0.0,43.56121746084175,0.0,0.4544716823478921,0.4910488547424577,0.036577172394565594,0
sample_20250822_161340,2022,2024,-8.909028098489326,-8.809028098489327,-56.83848024319948,-56.738480243199476,0.0,6.278443368470435,0.0,0.5111117826114315,0.5081632874077685,-0.0029484952036630263,0
sample_20250822_161417,2022,2024,-2.408464898254503,-2.308464898254503,-53.572668477172364,-53.47266847717236,0.0,62.781201369485295,0.0,0.5235516678401726,0.5107190998934819,-0.012832567946690743,0
sample_20250822_162432,2022,2024,-3.990216317486569,-3.8902163174865687,-56.366627950980586,-56.266627950980585,0.0,22.387216417356004,0.0,0.5087428086200819,0.5139898826275633,0.005247074007481367,0
sample_20250822_162458,2022,2024,-9.399158177336007,-9.299158177336007,-54.39465454461062,-54.294654544610616,0.0,1.1471228149414063,0.0,0.5174468690030966,0.5128941211079506,-0.0045527478951459255,0
sample_20250822_162528,2022,2024,-1.6795674951180128,-1.5795674951180128,-52.57726936921023,-52.47726936921023,0.0,377.04343590300914,0.0,0.30952354053291703,0.36014490087589635,0.050621360342979316,0
sample_20250822_162630,2022,2024,-1.603496310117352,-1.503496310117352,-66.64201698007795,-66.54201698007796,0.0,1.1617579711914063,0.0,0.5101423896594531,0.5159985123941373,0.005856122734684166,0
sample_20250822_162700,2022,2024,-6.693660781706463,-6.593660781706463,-60.062497269258145,-59.962497269258144,0.0,1080.3441811350872,0.0,0.4943264708200459,0.4683628982035284,-0.025963572616517494,0
sample_20250822_162815,2022,2024,-7.944023008042427,-7.844023008042427,-57.77016393447249,-57.67016393447249,0.0,9.640968019086051,0.0,0.5238136799975088,0.5232764448492196,-0.0005372351482891835,0
sample_20250822_162843,2022,2024,-2.3869169065148306,-2.2869169065148305,-54.791435947628415,-54.69143594762841,0.0,193.74490014648438,0.0,-0.054217039436323444,0.001518981319587053,0.0557360207559105,0
sample_20250822_162907,2022,2024,-7.655198254173312,-7.5551982541733125,-68.39935902005138,-68.29935902005138,0.0,1.24087080078125,0.0,0.5034499887534786,0.5028106766073204,-0.0006393121461581996,0
sample_20250822_162930,2022,2024,-6.674571555565084,-6.574571555565084,-62.73025913301612,-62.63025913301612,0.0,0.7993508117675782,0.0,0.49711252116121885,0.49893852820552853,0.0018260070443096854,0
sample_20250822_162947,2022,2024,-6.821656912280098,-6.721656912280098,-69.53132037789474,-69.43132037789475,0.0,6.8919287672813265,0.0,0.5061206825169952,0.4869067720637066,-0.019213910453288574,0
sample_20250822_163025,2022,2024,-8.370111584103118,-8.270111584103118,-56.347572378212064,-56.24757237821206,0.0,124.85218426513671,0.0,0.39235683574126917,0.3918792146139342,-0.00047762112733495954,0
sample_20250822_163058,2022,2024,-6.91890197918847,-6.81890197918847,-56.14469860099759,-56.04469860099759,0.0,125.71028689575195,0.0,0.5121856104379972,0.5129897708550639,0.0008041604170667682,0
sample_20250822_163128,2022,2024,-4.844627969002974,-4.744627969002974,-62.803477439905,-62.703477439905,0.0,28.119106617216218,0.0,0.48497030588505974,0.4853257767535607,0.0003554708685009622,0
sample_20250822_163227,2022,2024,-4.83822008711591,-4.73822008711591,-65.55402171628248,-65.45402171628248,0.0,0.26728508911132814,0.0,0.5077864580058604,0.49494453494290425,-0.012841923062956173,0
sample_20250822_163302,2022,2024,-4.97894871444669,-4.8789487144466905,-51.03049182242737,-50.93049182242737,0.0,766.6104411254639,0.0,0.4886904036597646,0.4717674343958675,-0.016922969263897136,0
sample_20250822_163405,2022,2024,-9.966859104540509,-9.86685910454051,-69.86905766392562,-69.76905766392562,0.0,5.021666739334406,0.0,0.49368942877820793,0.4843035298985883,-0.009385898879619603,0
sample_20250822_163440,2022,2024,-1.5779020528618055,-1.4779020528618054,-61.243985850693534,-61.14398585069353,0.0,1.5192385925292968,0.0,0.5181952592514306,0.5168318233279107,-0.0013634359235199511,0
sample_20250822_163503,2022,2024,-3.369146900473928,-3.269146900473928,-52.207903439449,-52.107903439449,0.0,739.2261039101516,0.0,0.3959537549440014,0.385299201950781,-0.010654552993220434,0
sample_20250822_163559,2022,2024,-7.00005143952715,-6.90005143952715,-57.68350456668282,-57.58350456668282,0.0,187.60714536068187,0.0,0.49469357859965263,0.4985188240848464,0.003825245485193751,0
sample_20250822_163625,2022,2024,-7.9555637250777185,-7.855563725077719,-64.75967761338954,-64.65967761338955,0.0,3.8084857055664063,0.0,0.4908925021984171,0.4804186075380573,-0.010473894660359806,0
sample_20250822_163654,2022,2024,-4.1078360788444,-4.0078360788444005,-63.64574133497672,-63.54574133497672,0.0,62.1764100485409,0.0,0.41371535250852814,0.41089426730811096,-0.002821085200417184,0
sample_20250822_163728,2022,2024,-5.556294406229622,-5.456294406229622,-58.92101800907845,-58.82101800907845,0.0,8.187460418701171,0.0,0.5051690879682047,0.5044240042649363,-0.0007450837032684232,0
sample_20250822_163812,2022,2024,-8.230007064573249,-8.130007064573249,-55.529466529880544,-55.42946652988054,0.0,1054.9667854109937,0.0,0.4520691573194694,0.4356643873243629,-0.016404769995106483,0
sample_20250822_163842,2022,2024,-4.922134993033691,-4.822134993033691,-57.117422999047434,-57.01742299904743,0.0,31.122874572035844,0.0,0.5209776363047357,0.5239899011221685,0.003012264817432775,0
sample_20250822_163904,2022,2024,-3.4471921828978944,-3.3471921828978943,-64.39556152154647,-64.29556152154647,0.0,67.48510991100835,0.0,0.4104468419293367,0.43345883380367717,0.023011991874340443,0
sample_20250822_163949,2022,2024,-6.452871205286177,-6.352871205286178,-58.78297968959267,-58.68297968959267,0.0,1.9565474137848498,0.0,0.5112504671680714,0.5045821066598695,-0.006668360508201965,0
sample_20250822_164022,2022,2024,-8.422312214239568,-8.322312214239568,-64.64445143303995,-64.54445143303995,0.0,1.0616678344726562,0.0,0.4740530078885709,0.47021750963344566,-0.003835498255125247,0
sample_20250822_164053,2022,2024,-5.122084457893697,-5.022084457893698,-62.425693614882654,-62.32569361488265,0.0,53.59516702581671,0.0,0.5127937028658188,0.506129816322954,-0.006663886542864872,0
sample_20250822_164127,2022,2024,-7.7422481708016475,-7.642248170801648,-58.36520562616299,-58.26520562616299,0.0,11.030556236213236,0.0,0.48393003214686603,0.48446404751036115,0.0005340153634951217,0
sample_20250822_164228,2022,2024,-7.590677020236011,-7.490677020236012,-61.20976784764379,-61.10976784764379,0.0,53.8253451709463,0.0,0.5061574988993592,0.5021034044967249,-0.004054094402634378,0
sample_20250822_164252,2022,2024,-5.729187091124594,-5.629187091124594,-58.37563908111328,-58.275639081113276,0.0,1.6014392456054687,0.0,0.507949218269115,0.514300203444184,0.006350985175069046,0
sample_20250822_164309,2022,2024,-7.483237362700212,-7.383237362700212,-62.41932681180865,-62.31932681180865,0.0,25.859351031637754,0.0,0.5059915672573108,0.4869525002016464,-0.019039067055664383,0
sample_20250822_164329,2022,2024,-7.454580869859626,-7.3545808698596264,-62.75635595901945,-62.65635595901945,0.0,1.5961488220214843,0.0,0.49854947675674904,0.4881455579297977,-0.010403918826951353,0
sample_20250822_164355,2022,2024,-8.911844503075029,-8.81184450307503,-62.415475738710185,-62.315475738710184,0.0,1372.5553932780256,0.0,0.4730316018657958,0.45374276651461515,-0.019288835351180644,0
sample_20250822_164419,2022,2024,-8.717836040334292,-8.617836040334293,-56.52270351484484,-56.42270351484484,0.0,3.4477901611328123,0.0,0.5001635193877885,0.4890796189437105,-0.011083900444077976,0
sample_20250822_164448,2022,2024,-4.547638316091394,-4.447638316091394,-64.58722379234084,-64.48722379234084,0.0,2.985960333515242,0.0,0.5107798613230208,0.49956887553096313,-0.011210985792057648,0
sample_20250822_164510,2022,2024,-4.82756704085387,-4.72756704085387,-57.425778658326415,-57.32577865832641,0.0,2.0492314819335937,0.0,0.5174707857147813,0.5220924227137647,0.004621636998983325,0
sample_20250822_164531,2022,2024,-7.634835590116763,-7.534835590116764,-57.66641104525521,-57.56641104525521,0.0,68.55345040589576,0.0,0.5071033977665041,0.5026986949026602,-0.004404702863843979,0
sample_20250822_164548,2022,2024,-7.946360645293587,-7.846360645293587,-60.87630882416477,-60.776308824164765,0.0,3.2246295794558058,0.0,0.5158234432557174,0.5123397856440283,-0.003483657611689117,0
sample_20250822_164612,2022,2024,-6.876295177087047,-6.776295177087047,-61.764157780201806,-61.664157780201805,0.0,39.28642061901616,0.0,0.4882467501013546,0.4772936948605807,-0.01095305524077389,0
sample_20250822_164637,2022,2024,-3.5857149051432238,-3.4857149051432237,-63.268597198589454,-63.16859719858945,0.0,277.50583366890703,0.0,0.26370602942365867,0.2602252827789036,-0.0034807466447550617,0
sample_20250822_164659,2022,2024,-3.541418941030809,-3.441418941030809,-61.10013061900798,-61.000130619007976,0.0,266.76848366641775,0.0,0.38189189338565305,0.4266321311362511,0.044740237750598044,0
sample_20250822_164738,2022,2024,-8.225367988063951,-8.125367988063951,-59.1842043792694,-59.0842043792694,0.0,5.310836566162109,0.0,0.5110095642200347,0.5135870610816062,0.0025774968615714933,0
sample_20250822_164752,2022,2024,-8.680540321543761,-8.580540321543761,-60.555582696943716,-60.455582696943715,0.0,49.408205004595594,0.0,0.5046608375660127,0.5014962599306249,-0.0031645776353877997,0
sample_20250822_164813,2022,2024,-5.665906134359936,-5.5659061343599365,-55.43463168394329,-55.334631683943286,0.0,2.847325567626953,0.0,0.5323949898221679,0.5351258574355247,0.0027308676133567245,0
sample_20250822_164835,2022,2024,-3.7496415712533766,-3.6496415712533765,-56.84399816375256,-56.74399816375256,0.0,114.29529903980922,0.0,0.5276328100609283,0.5244711771483457,-0.003161632912582646,0
sample_20250822_164902,2022,2024,-4.903924389763335,-4.803924389763336,-60.637020925406716,-60.537020925406715,0.0,2.9168919888126146,0.0,0.47996877578183905,0.4724280740033943,-0.007540701778444736,0
sample_20250822_164922,2022,2024,-3.1419228685720775,-3.0419228685720774,-61.50396825854578,-61.40396825854578,0.0,697.0771707467325,0.0,0.2572744406602538,0.2674541632671089,0.010179722606855124,0
sample_20250822_164956,2022,2024,-8.236120698145754,-8.136120698145755,-60.52088968466837,-60.42088968466837,0.0,3.717383154296875,0.0,0.5053872048874827,0.5041698408271822,-0.0012173640603004854,0
sample_20250822_165031,2022,2024,-8.581158449306956,-8.481158449306957,-59.470016766484875,-59.37001676648487,0.0,1.5918410095214843,0.0,0.5097014489028158,0.5033619247263881,-0.006339524176427691,0
sample_20250822_165050,2022,2024,-5.875303656159732,-5.775303656159732,-64.10657215514885,-64.00657215514886,0.0,2.1375628120691634,0.0,0.5098734495415709,0.49655715476582024,-0.013316294775750637,0
sample_20250822_165110,2022,2024,-3.0611650583210137,-2.9611650583210136,-63.43792511668317,-63.33792511668317,0.0,1.7743451332002529,0.0,0.5014034803872651,0.49372655784783875,-0.007676922539426367,0
sample_20250822_165136,2022,2024,-6.353175701083133,-6.2531757010831335,-57.58461197982783,-57.484611979827825,0.0,11.986510582059974,0.0,0.5232948400430768,0.5270150222580204,0.0037201822149436348,0
sample_20250822_165156,2022,2024,-8.305940538059806,-8.205940538059806,-64.46317151550855,-64.36317151550855,0.0,1.5928748046875,0.0,0.4516727279819137,0.45006253390863443,-0.0016101940732792808,0
sample_20250822_165213,2022,2024,-6.129116621004077,-6.029116621004078,-61.80907938137249,-61.70907938137249,0.0,54.56047926154642,0.0,0.4045522151714799,0.4080524307557633,0.003500215584283428,0
sample_20250822_165233,2022,2024,-5.694472627860797,-5.594472627860798,-58.60153242650921,-58.50153242650921,0.0,2.313357214355469,0.0,0.5062848858299955,0.5058398351095352,-0.0004450507204603049,0
sample_20250822_165250,2022,2024,-8.824178432324015,-8.724178432324015,-60.72860198080635,-60.62860198080635,0.0,633.9432159606934,0.0,0.39929451263895394,0.38803104481859774,-0.011263467820356199,0
sample_20250822_165314,2022,2024,-7.1276131453576,-7.0276131453576,-58.93052711921813,-58.830527119218125,0.0,3.2831603271484373,0.0,0.5019326137721357,0.49862660506997386,-0.0033060087021618556,0
sample_20250822_165349,2022,2024,-8.214870589900057,-8.114870589900057,-55.36695398328089,-55.266953983280885,0.0,1068.143507828345,0.0,0.37764157760743683,0.3591390510899677,-0.018502526517469142,0
sample_20250822_165409,2022,2024,-8.77972037827617,-8.679720378276171,-58.58144102571325,-58.481441025713245,0.0,1.6793629272460937,0.0,0.528438464930285,0.526864774012598,-0.0015736909176869984,0
sample_20250822_165449,2022,2024,-3.9055284066393465,-3.8055284066393464,-57.85432994531639,-57.754329945316385,0.0,31.66663800048828,0.0,0.47037038244724766,0.47236729385845017,0.0019969114112025066,0
sample_20250822_165516,2022,2024,-7.0790629501733475,-6.979062950173348,-63.95850238430927,-63.85850238430927,0.0,2.6264829387589996,0.0,0.4927132359903956,0.48110618763794166,-0.011607048352453964,0
sample_20250822_165530,2022,2024,-7.033835182849723,-6.933835182849723,-59.004775061215234,-58.90477506121523,0.0,533.8591441651827,0.0,0.49127768321685006,0.48414134677978576,-0.0071363364370642945,0
sample_20250822_165557,2022,2024,-3.683263824901129,-3.583263824901129,-55.6649219578792,-55.5649219578792,0.0,593.8950161763966,0.0,0.5014011646586687,0.49474370651258903,-0.006657458146079653,0
sample_20250822_165611,2022,2024,-5.331446792227892,-5.231446792227892,-62.769774090006905,-62.669774090006904,0.0,0.35612474365234376,0.0,0.5116981314866941,0.4999117616125404,-0.011786369874153657,0
sample_20250822_165633,2022,2024,-5.0770627741142835,-4.977062774114284,-59.0701695389853,-58.970169538985296,0.0,2.4047425842285155,0.0,0.510628817221012,0.5073354223519534,-0.0032933948690586634,0
sample_20250822_165648,2022,2024,-4.441755643310029,-4.341755643310029,-57.307832648924425,-57.20783264892442,0.0,0.4457075744628906,0.0,0.5109629690383914,0.5198922595703593,0.008929290531967893,0
sample_20250822_165716,2022,2024,-3.184468200482451,-3.084468200482451,-63.02915081093806,-62.92915081093806,0.0,30.03772394576727,0.0,0.47790177504522346,0.47079318797185554,-0.007108587073367922,0
sample_20250822_165735,2022,2024,-6.690057744933854,-6.590057744933854,-55.463795040956484,-55.36379504095648,0.0,3838.493898073068,0.0,0.4346732940601103,0.3644884050532398,-0.07018488900687048,1
sample_20250822_165808,2022,2024,-5.569737253521467,-5.469737253521467,-58.471497296987366,-58.371497296987364,0.0,1.156925506591797,0.0,0.50322931083706,0.5055656634251833,0.0023363525881232583,0
sample_20250822_165850,2022,2024,-6.509320157615297,-6.409320157615297,-63.93949692765248,-63.839496927652476,0.0,1.3103889124731924,0.0,0.5034288118673472,0.4877352347096197,-0.015693577157727512,0
sample_20250822_165929,2022,2024,-5.605156521963608,-5.505156521963609,-62.10866227236424,-62.00866227236424,0.0,1.1569082153320311,0.0,0.506251009153764,0.49723522467232245,-0.009015784481441524,0
sample_20250822_165944,2022,2024,-7.652687776954385,-7.552687776954385,-64.12154170868541,-64.02154170868542,0.0,1.5067657592773438,0.0,0.492506444802587,0.4810539038225308,-0.011452540980056158,0
sample_20250822_170007,2022,2024,-5.711851654648431,-5.611851654648431,-59.79361199458875,-59.69361199458875,0.0,4.3597421875,0.0,0.5168516546639434,0.5044707012111667,-0.012380953452776788,0
sample_20250822_170056,2022,2024,-6.445669897418199,-6.345669897418199,-55.113910582253936,-55.013910582253935,0.0,857.935108902875,0.0,0.4972908091249459,0.4866666116151218,-0.010624197509824074,0
sample_20250822_170122,2022,2024,-7.606239377224587,-7.5062393772245875,-56.657630102975325,-56.557630102975324,0.0,6.73671279296875,0.0,0.5014652581549065,0.5082891982018258,0.00682394004691933,0
sample_20250822_170203,2022,2024,-7.889789060292523,-7.789789060292524,-57.84726790542908,-57.74726790542908,0.0,22.480366383774697,0.0,0.494652431222259,0.4950383789965676,0.0003859477743086148,0
sample_20250822_170233,2022,2024,-8.116392052022066,-8.016392052022066,-64.62847603046171,-64.52847603046172,0.0,2.235631444690181,0.0,0.48739083143727197,0.4796423524463677,-0.007748478990904251,0
sample_20250822_170255,2022,2024,-8.795236324066629,-8.695236324066629,-55.248998662736525,-55.148998662736524,0.0,232.68080800034468,0.0,0.4478869708749592,0.42743977222232216,-0.020447198652637055,1
sample_20250822_170400,2022,2024,-5.524763875363116,-5.424763875363117,-63.02991206149112,-62.929912061491116,0.0,28.022524404368678,0.0,0.4849311638713294,0.48387912517086107,-0.0010520387004683274,0
sample_20250822_170424,2022,2024,-5.057097034985511,-4.9570970349855115,-55.03627851015973,-54.93627851015973,0.0,2.3156715759277344,0.0,0.5266183280351971,0.5248396413028326,-0.0017786867323645872,0
sample_20250822_170445,2022,2024,-6.867654945043226,-6.767654945043226,-61.8865039606491,-61.7865039606491,0.0,2.7522124755859374,0.0,0.5034330239452518,0.49035954312952423,-0.013073480815727567,0
sample_20250822_170519,2022,2024,-3.6747993427831167,-3.5747993427831166,-58.50712584130733,-58.40712584130733,0.0,62.105329060561246,0.0,0.4966406884664375,0.504950632952832,0.00830994448639455,0
sample_20250822_170555,2022,2024,-7.216667149017916,-7.116667149017917,-63.81478417966549,-63.714784179665486,0.0,4.258504895019532,0.0,0.49928918893975616,0.4846848571283842,-0.01460433181137194,0
sample_20250822_170639,2022,2024,-5.547876094457661,-5.447876094457661,-62.18204008945886,-62.08204008945886,0.0,8.354715680530024,0.0,0.5105856481966076,0.4994179567095825,-0.011167691487025067,0
sample_20250822_170701,2022,2024,-5.601545881545433,-5.501545881545433,-61.06756622653394,-60.96756622653394,0.0,187.59586656910616,0.0,0.3524172711169046,0.36692045068566403,0.014503179568759461,0
sample_20250822_170724,2022,2024,-7.946901918696117,-7.846901918696117,-62.21078385417292,-62.110783854172915,0.0,37.69559490959617,0.0,0.5010108609169529,0.49056288630319256,-0.010447974613760347,0
sample_20250822_170751,2022,2024,-6.980689660192586,-6.880689660192586,-55.750999382056676,-55.650999382056675,0.0,580.952566888332,0.0,0.512270578465912,0.501423515807229,-0.01084706265868296,0
sample_20250822_170843,2022,2024,-3.949220149465554,-3.849220149465554,-55.16588569676032,-55.06588569676032,0.0,5.084069293212891,0.0,0.5337062279022832,0.5364618040049511,0.002755576102667967,0
sample_20250822_170914,2022,2024,-5.956273529697992,-5.856273529697992,-58.787974760169426,-58.687974760169425,0.0,0.7114952697753906,0.0,0.5028923263508315,0.508014083556989,0.0051217572061574845,0
sample_20250822_170942,2022,2024,-7.3570631856372914,-7.257063185637292,-63.18512435861115,-63.08512435861115,0.0,75.89458058426203,0.0,0.4868280108668108,0.47961160720439505,-0.007216403662415771,0
sample_20250822_171003,2022,2024,-4.228825501508031,-4.1288255015080315,-57.668394750298404,-57.5683947502984,0.0,31.29714507446289,0.0,0.44807361626464876,0.45436999634340913,0.006296380078760377,0
sample_20250822_171022,2022,2024,-4.411684180635062,-4.311684180635062,-57.42659218549849,-57.32659218549849,0.0,0.7131469543457031,0.0,0.5145549741478411,0.5228880756513898,0.008333101503548712,0
sample_20250822_171040,2022,2024,-3.3560807588767716,-3.2560807588767715,-64.98039810451958,-64.88039810451959,0.0,58.182582847828535,0.0,0.5271768725152226,0.5090190109405333,-0.01815786157468935,0
sample_20250822_171100,2022,2024,-4.976003024253469,-4.876003024253469,-59.87310549598451,-59.77310549598451,0.0,2.405068719482422,0.0,0.5110192546978679,0.5041357119243726,-0.006883542773495344,0
sample_20250822_171118,2022,2024,-4.100644487494814,-4.000644487494815,-56.45562649695427,-56.355626496954265,0.0,1.4268821533203124,0.0,0.512001499306121,0.5170981888464112,0.005096689540290189,0
sample_20250822_171152,2022,2024,-3.562140451670354,-3.462140451670354,-57.87893497381849,-57.77893497381849,0.0,222.76786281161438,0.0,0.47987622678475605,0.47785629130579016,-0.002019935478965895,0
sample_20250822_171214,2022,2024,-7.875718037471387,-7.775718037471387,-60.959936397950656,-60.859936397950655,0.0,10.691693754212624,0.0,0.4907457051900849,0.48230216664269016,-0.008443538547394769,0
sample_20250822_171238,2022,2024,-5.5061340355587705,-5.406134035558771,-58.61968910523182,-58.51968910523182,0.0,1.6851219816080731,0.0,0.5053078142359588,0.5024543039095218,-0.002853510326436992,0
sample_20250822_171302,2022,2024,-7.148055831760195,-7.048055831760196,-64.4481716208507,-64.3481716208507,0.0,3.8153945861816405,0.0,0.49961652834847264,0.4837650593473866,-0.015851469001086027,0
sample_20250822_171338,2022,2024,-5.136701280624724,-5.036701280624724,-62.019968347263834,-61.91996834726383,0.0,1.6029941711425781,0.0,0.50929387901538,0.4987611261536225,-0.010532752861757533,0
sample_20250822_171358,2022,2024,-6.965269639602921,-6.865269639602921,-56.67055096852546,-56.57055096852546,0.0,1350.6902101336304,0.0,0.46326026135600656,0.43536847156707625,-0.02789178978893031,1
sample_20250822_171416,2022,2024,-7.7593153912009205,-7.659315391200921,-60.66656198995527,-60.56656198995527,0.0,12.27089599480124,0.0,0.4913656644366132,0.48357530657421177,-0.0077903578624014536,0
sample_20250822_171502,2022,2024,-5.0886287642484564,-4.988628764248457,-57.899588641655384,-57.79958864165538,0.0,3.0281751647949218,0.0,0.5238936403829887,0.5234505456862514,-0.0004430946967373117,0
sample_20250822_171529,2022,2024,-5.318936109830382,-5.218936109830382,-61.81692809260907,-61.716928092609066,0.0,7.478775469970703,0.0,0.49687383472927354,0.493885613885618,-0.00298822084365552,0
sample_20250822_171608,2022,2024,-3.217050980182199,-3.117050980182199,-60.27309816512194,-60.173098165121935,0.0,699.5118707981007,0.0,0.4831755802831357,0.47526066795690347,-0.007914912326232204,0
sample_20250822_171644,2022,2024,-7.895430282339474,-7.795430282339474,-61.44868093121226,-61.34868093121226,0.0,2983.419303271496,0.0,0.4193293946308423,0.36298798786434966,-0.05634140676649263,1
sample_20250822_171712,2022,2024,-7.988671230874555,-7.8886712308745555,-55.7386570871124,-55.6386570871124,0.0,5.402523431396484,0.0,0.5329139682300184,0.5331036710176476,0.0001897027876291979,0
sample_20250822_171744,2022,2024,-3.720399048039533,-3.6203990480395327,-61.572991538693806,-61.472991538693805,0.0,334.6089026371257,0.0,0.2357089464430165,0.2570528811921285,0.021343934749112004,0
sample_20250822_171834,2022,2024,-8.847064612959729,-8.74706461295973,-58.8633700055603,-58.7633700055603,0.0,6.1862353515625,0.0,0.5246981475571932,0.520924073396999,-0.003774074160194263,0
sample_20250822_171912,2022,2024,-5.657897597728236,-5.557897597728236,-63.79327014905536,-63.69327014905536,0.0,18.46072340159697,0.0,0.4708806776959161,0.46903370256447063,-0.0018469751314454386,0
sample_20250822_171948,2022,2024,-3.35048551756376,-3.2504855175637597,-60.38161333564774,-60.28161333564774,0.0,557.5018328081197,0.0,0.2030740602247821,0.2568405430303451,0.05376648280556298,0
sample_20250822_172018,2022,2024,-8.413923645835812,-8.313923645835812,-64.47803627322232,-64.37803627322232,0.0,1.3271202697753905,0.0,0.4823102960536353,0.47967280966812365,-0.002637486385511645,0
sample_20250822_172042,2022,2024,-7.651988658789243,-7.551988658789243,-59.22606622441283,-59.12606622441283,0.0,9.70578462747013,0.0,0.5265873916161817,0.5149240515424187,-0.011663340073763018,0
sample_20250822_172112,2022,2024,-8.126549790015238,-8.026549790015238,-58.06293447080756,-57.96293447080756,0.0,8.32155933227539,0.0,0.5243967670264138,0.5238279505990604,-0.0005688164273534024,0
sample_20250822_172148,2022,2024,-8.210664754218435,-8.110664754218435,-61.865972951447276,-61.765972951447274,0.0,35.9627827642942,0.0,0.4336048718197654,0.43059100378101695,-0.0030138680387484795,0
sample_20250822_172223,2022,2024,-8.684259049681723,-8.584259049681723,-61.11298012196214,-61.01298012196214,0.0,14.145814373779297,0.0,0.47428563708226895,0.4764202538051518,0.0021346167228828428,0
sample_20250822_172252,2022,2024,-8.031009230224884,-7.931009230224884,-58.084653785899704,-57.9846537858997,0.0,447.25469896240236,0.0,0.5317341323906222,0.5246045847268227,-0.007129547663799474,0
sample_20250822_172326,2022,2024,-5.661788357651459,-5.5617883576514595,-62.2380390355501,-62.1380390355501,0.0,6.545080551805683,0.0,0.5062180459173418,0.49894481202639435,-0.007273233890947417,0
sample_20250822_172355,2022,2024,-4.0460317462970385,-3.9460317462970385,-60.76330777715492,-60.66330777715492,0.0,4.369971472167968,0.0,0.48488455675217096,0.48861538383048375,0.003730827078312793,0
sample_20250822_172443,2022,2024,-3.3135213912252466,-3.2135213912252465,-59.47148986727345,-59.371489867273446,0.0,750.9804308569337,0.0,0.23742803186654773,0.3265497269930235,0.08912169512647575,0
sample_20250908_125457,2022,2024,-4.7719852971318035,-4.671985297131804,-58.90008573527622,-58.80008573527622,0.0,4.889511212158203,0.0,0.4945070784302839,0.49873026046455954,0.00422318203427563,0
sample_20250908_125534,2022,2024,-7.32848282828404,-7.22848282828404,-56.60774468832057,-56.50774468832057,0.0,224.9412466297823,0.0,0.49487052053909825,0.49228859178342455,-0.0025819287556737014,0
sample_20250908_125607,2022,2024,-5.415522814718649,-5.3155228147186495,-64.92485456576141,-64.82485456576141,0.0,2.581483251953125,0.0,0.500273869855829,0.4920181849289615,-0.008255684926867513,0
sample_20250908_125644,2022,2024,-3.367858221366225,-3.267858221366225,-57.020353872372596,-56.920353872372594,0.0,285.2655876113233,0.0,0.49543065816270626,0.4915635357439885,-0.0038671224187177833,0
sample_20250908_125716,2022,2024,-3.237543483669562,-3.1375434836695617,-64.29699617976262,-64.19699617976262,0.0,51.534148296353216,0.0,0.4664639430207866,0.4675315084889736,0.0010675654681870372,0
sample_20250908_125755,2022,2024,-5.375888972530675,-5.275888972530676,-64.82943386003039,-64.7294338600304,0.0,7.745102111816406,0.0,0.5057183379370461,0.49821321178080735,-0.007505126156238773,0
sample_20250908_125831,2022,2024,-4.293638236909863,-4.193638236909863,-56.11899067885412,-56.01899067885412,0.0,1345.6880949978233,0.0,0.4290228199393881,0.4093036272955161,-0.019719192643872008,0
sample_20250908_125904,2022,2024,-4.131685760604363,-4.031685760604363,-60.49136409289979,-60.39136409289979,0.0,3.344108250349456,0.0,0.4891835160717773,0.49131650350660006,0.002132987434822764,0
sample_20250908_125942,2022,2024,-8.26464875090753,-8.16464875090753,-63.23000528726723,-63.13000528726723,0.0,170.30700849867878,0.0,0.4385533778762542,0.43940076176937,0.0008473838931157829,0
sample_20250908_130008,2022,2024,-4.329205834421618,-4.229205834421618,-58.21149519673856,-58.11149519673856,0.0,0.5349352844238281,0.0,0.49663811559527754,0.4879938229269791,-0.008644292668298414,0
sample_20250908_130051,2022,2024,-8.75168491500854,-8.65168491500854,-55.37286041876935,-55.27286041876935,0.0,31.450167337622556,0.0,0.46372142272511113,0.4677163390544547,0.0039949163293435674,0
sample_20250908_130126,2022,2024,-6.942915593733894,-6.842915593733895,-57.047002662863726,-56.947002662863724,0.0,43.73807459712009,0.0,0.5107459244302308,0.5157066533196142,0.00496072888938337,0
sample_20250908_130145,2022,2024,-7.8531130843482355,-7.753113084348236,-61.879245490399406,-61.779245490399404,0.0,332.6460458668907,0.0,0.48595593049457264,0.46908400832098074,-0.016871922173591902,0
sample_20250908_130234,2022,2024,-4.015221365317716,-3.915221365317716,-59.40782050501458,-59.307820505014575,0.0,1185.07032568412,0.0,0.47501615337869213,0.4525340347863435,-0.02248211859234861,1
sample_20250908_130300,2022,2024,-5.066196951201537,-4.966196951201537,-59.25819643078093,-59.158196430780926,0.0,4.531040523250804,0.0,0.5134521514771019,0.5037907630493521,-0.009661388427749773,0
sample_20250908_130327,2022,2024,-7.448524418449989,-7.34852441844999,-59.98085425851424,-59.88085425851424,0.0,579.8991049549771,0.0,0.48282402524470014,0.4724013130946184,-0.010422712150081725,0
sample_20250908_130359,2022,2024,-8.404914764205486,-8.304914764205487,-63.23654249935607,-63.13654249935607,0.0,1.4156094299316406,0.0,0.5019519323885779,0.5007592892205519,-0.0011926431680260308,0
sample_20250908_130420,2022,2024,-6.675979770454407,-6.575979770454407,-58.994512769548855,-58.894512769548854,0.0,290.10743620124333,0.0,0.47307052572331953,0.4831363075563003,0.010065781832980791,0
sample_20250908_130459,2022,2024,-4.3166907889859765,-4.216690788985977,-60.28534092672652,-60.18534092672652,0.0,12.81585703249464,0.0,0.4161741547187416,0.4095522032754622,-0.0066219514432793725,0
sample_20250908_130532,2022,2024,-5.413101604996235,-5.313101604996235,-64.14025386198614,-64.04025386198614,0.0,4.094781939697266,0.0,0.5028797019749313,0.487863103692175,-0.015016598282756255,0
sample_20250908_130553,2022,2024,-3.14721483639471,-3.04721483639471,-60.392174442029216,-60.292174442029214,0.0,191.18837287571324,0.0,0.2621820432072842,0.2717817425161026,0.009599699308818377,0
sample_20250908_130638,2022,2024,-8.800246607051553,-8.700246607051554,-62.36532803434142,-62.265328034341415,0.0,70.53112377319336,0.0,0.47124152593212926,0.46506979557082945,-0.00617173036129981,0
sample_20250908_130709,2022,2024,-4.46299411710386,-4.36299411710386,-63.95988302452803,-63.85988302452803,0.0,1.2479447143554687,0.0,0.5064185328184099,0.4966475893554968,-0.009770943462913073,0
sample_20250908_130748,2022,2024,-6.850257936981166,-6.750257936981166,-59.64731562687471,-59.547315626874706,0.0,188.19129925312117,0.0,0.4828459409707488,0.4761223861088736,-0.006723554861875203,0
sample_20250908_130825,2022,2024,-6.459641165712046,-6.359641165712047,-62.55092459328611,-62.45092459328611,0.0,57.289316840580966,0.0,0.4316029491037604,0.4223562201447418,-0.009246728959018624,0
sample_20250908_130900,2022,2024,-4.140931576927335,-4.040931576927336,-57.302948462335216,-57.202948462335215,0.0,1.0700893493652344,0.0,0.507542048554656,0.515054655579258,0.007512607024601992,0
sample_20250908_130919,2022,2024,-6.73298273461667,-6.632982734616671,-56.76227929587636,-56.66227929587636,0.0,365.12460505205917,0.0,0.4931116360692597,0.4956911841198318,0.0025795480505721446,0
sample_20250908_131002,2022,2024,-7.767593331315348,-7.667593331315349,-59.495201071792984,-59.39520107179298,0.0,1.7026389038085938,0.0,0.5185344278519404,0.523598718587985,0.005064290736044641,0
sample_20250908_131041,2022,2024,-7.0366624489916925,-6.936662448991693,-61.01112787061874,-60.91112787061874,0.0,4.3614112399471505,0.0,0.5083420715025855,0.5050019428929746,-0.0033401286096108596,0
sample_20250908_131117,2022,2024,-8.815290914053909,-8.71529091405391,-56.38409090556982,-56.28409090556982,0.0,5.071161619633693,0.0,0.506372627455249,0.49619811589794877,-0.010174511557300259,0
sample_20250908_131150,2022,2024,-3.023644733400432,-2.923644733400432,-64.09394831736866,-63.993948317368655,0.0,1.0713603210449218,0.0,0.5149939750582132,0.5050704598230688,-0.009923515235144453,0
sample_20250908_131227,2022,2024,-5.110302193055049,-5.0103021930550495,-58.66081120576527,-58.56081120576527,0.0,1.3358752685546875,0.0,0.50619054365884,0.4990982725952429,-0.007092271063597055,0
sample_20250908_145728,2022,2024,-6.680523583482723,-6.580523583482723,-55.39272532990668,-55.29272532990668,0.0,4202.2648316717905,0.0,0.4175045183000786,0.3472473423579638,-0.07025717594211484,1
sample_20250908_145754,2022,2024,-3.60913064207175,-3.50913064207175,-56.81756938281987,-56.71756938281987,0.0,26.344169819479553,0.0,0.5193574230918432,0.5157400071608877,-0.0036174159309554366,0
sample_20250908_145832,2022,2024,-6.507327107267081,-6.407327107267081,-63.14271837370089,-63.042718373700886,0.0,3.1983826599121095,0.0,0.5157020394776373,0.5112627377908805,-0.004439301686756769,0
sample_20250908_145854,2022,2024,-4.77608890174418,-4.676088901744181,-56.241250149854196,-56.141250149854194,0.0,615.2532196743839,0.0,0.5228890153926439,0.5132023711076076,-0.009686644285036294,0
sample_20250908_145941,2022,2024,-6.5831265347473185,-6.483126534747319,-59.45277336265075,-59.35277336265075,0.0,3.997354754638672,0.0,0.516124620447107,0.5047331942341419,-0.011391426212965183,0
sample_20250908_150003,2022,2024,-3.1022693095725744,-3.0022693095725743,-57.33788375756146,-57.237883757561455,0.0,327.91629051149874,0.0,0.47218771343989197,0.47174709870572773,-0.00044061473416423524,0
sample_20250908_150036,2022,2024,-8.914256154183944,-8.814256154183944,-59.88611225730166,-59.78611225730166,0.0,3.799319415283203,0.0,0.5073110222162238,0.5006836100126112,-0.006627412203612626,0
sample_20250908_150132,2022,2024,-6.763768811676179,-6.66376881167618,-60.89371100842841,-60.79371100842841,0.0,2.1423933593989353,0.0,0.5180886934904988,0.509203817146146,-0.008884876344352755,0
sample_20250908_150214,2022,2024,-7.21116898876686,-7.1111689887668605,-56.25533122397574,-56.155331223975736,0.0,38.34679339231005,0.0,0.5090040556812345,0.5084425642668386,-0.000561491414395876,0
sample_20250908_150244,2022,2024,-8.705812054874768,-8.605812054874768,-60.57213753555103,-60.47213753555103,0.0,65.06790965265013,0.0,0.5133146070455358,0.5086766145523365,-0.004637992493199294,0
sample_20250908_150317,2022,2024,-6.721442457935987,-6.621442457935987,-59.79034846966482,-59.69034846966482,0.0,19.719521930434283,0.0,0.5189944021590488,0.49890902104574575,-0.020085381113303047,1
sample_20250908_150353,2022,2024,-5.1929997075580125,-5.092999707558013,-59.594750093437135,-59.49475009343713,0.0,212.4647553161621,0.0,0.4468005652804709,0.4282309817671598,-0.018569583513311116,0
sample_20250908_150452,2022,2024,-4.657726945397801,-4.5577269453978015,-58.79633537760469,-58.69633537760469,0.0,2.317009259033203,0.0,0.5095898758961931,0.500800205171693,-0.008789670724500098,0
sample_20250908_150630,2022,2024,-6.397907653552538,-6.297907653552539,-57.99149868167375,-57.891498681673745,0.0,189.61401014267872,0.0,0.3915555158613074,0.38238568767466424,-0.009169828186643136,0
sample_20250908_150756,2022,2024,-8.323588681336945,-8.223588681336945,-58.81251652899463,-58.71251652899463,0.0,3.451144940185547,0.0,0.5155741852203135,0.5113425817532707,-0.004231603467042766,0
sample_20250908_150839,2022,2024,-4.533999650495222,-4.433999650495222,-59.67626923075678,-59.57626923075678,0.0,561.6486140366019,0.0,0.5145714754599663,0.49334772458891935,-0.021223750871046942,1
sample_20250908_150914,2022,2024,-7.626538436717373,-7.526538436717374,-56.24133303518565,-56.141333035185646,0.0,118.32811287540211,0.0,0.508351807399117,0.5017466811997491,-0.006605126199367928,0
sample_20250908_150940,2022,2024,-6.254759191966125,-6.154759191966125,-56.652624098413135,-56.55262409841313,0.0,26.132065783691406,0.0,0.5297361490499949,0.5258897343811563,-0.003846414668838616,0
sample_20250908_151010,2022,2024,-3.358293112474893,-3.258293112474893,-62.142123102419156,-62.042123102419154,0.0,1.3387967834472656,0.0,0.506889682033906,0.5050427515700726,-0.0018469304638334405,0
sample_20250908_151109,2022,2024,-7.293408197207413,-7.193408197207414,-64.86733314588868,-64.76733314588868,0.0,302.6744878634583,0.0,0.4370185101721993,0.43113733095408147,-0.005881179218117816,0
sample_20250908_151346,2022,2024,-6.612738409306725,-6.512738409306725,-56.08911050760946,-55.98911050760946,0.0,945.092453749734,0.0,0.46559204449496194,0.43963868960517727,-0.025953354889784674,1
sample_20250908_151410,2022,2024,-6.9518744215804364,-6.851874421580437,-61.71138030715184,-61.61138030715184,0.0,17.043060510253905,0.0,0.50166509610499,0.4819783947888769,-0.01968670131611311,0
sample_20250908_151502,2022,2024,-4.560226751783855,-4.460226751783855,-61.92404789822109,-61.82404789822109,0.0,6.398339733096852,0.0,0.5092802619258989,0.50074708163474,-0.008533180291158904,0
sample_20250908_151528,2022,2024,-3.494667362170409,-3.394667362170409,-64.06144868771437,-63.96144868771437,0.0,16.9354586154115,0.0,0.5089153164673653,0.4920284463407715,-0.016886870126593845,0
sample_20250908_151619,2022,2024,-6.071122940616475,-5.971122940616476,-55.7481701871388,-55.648170187138795,0.0,477.29329481574547,0.0,0.5045333606232442,0.4980697559515716,-0.006463604671672563,0
sample_20250908_151647,2022,2024,-3.390053759019869,-3.290053759019869,-59.18595366877351,-59.085953668773506,0.0,344.475504571988,0.0,0.14099260339233957,0.25258159011061987,0.1115889867182803,0
sample_20250908_151722,2022,2024,-8.437484095569157,-8.337484095569158,-56.05782030797117,-55.95782030797117,0.0,0.3538653564453125,0.0,0.49556439008079955,0.4972565554275527,0.0016921653467531494,0
sample_20250908_151805,2022,2024,-8.875789862848324,-8.775789862848324,-55.22735597027413,-55.12735597027413,0.0,110.78731890107994,0.0,0.5168292458661543,0.5128650138451941,-0.00396423202096019,0
sample_20250908_151829,2022,2024,-7.670307818353824,-7.570307818353824,-61.36547612534441,-61.26547612534441,0.0,520.7011457791915,0.0,0.4642742323982821,0.4595378155015954,-0.00473641689668669,0
sample_20250908_151850,2022,2024,-3.363311231957505,-3.263311231957505,-55.49360405141847,-55.39360405141847,0.0,10.710111004638671,0.0,0.5131039767461147,0.5091364738194188,-0.003967502926695898,0
sample_20250908_151927,2022,2024,-6.700658999017303,-6.600658999017304,-56.050524406757376,-55.950524406757374,0.0,6.480490816219554,0.0,0.5190189068564824,0.5157132967289407,-0.003305610127541714,0
sample_20250908_152003,2022,2024,-3.9731722799821467,-3.8731722799821466,-59.48496680945468,-59.38496680945468,0.0,591.7807157576974,0.0,0.507119080916061,0.4944984246270754,-0.012620656288985566,0
sample_20250908_152030,2022,2024,-6.117664393933147,-6.017664393933147,-56.73171415988748,-56.63171415988748,0.0,41.74545165139591,0.0,0.5053857083532661,0.5098767871481726,0.004491078794906511,0
sample_20250908_152113,2022,2024,-7.218778637456992,-7.118778637456993,-57.04007985250803,-56.94007985250803,0.0,57.36961103613762,0.0,0.5082763362158145,0.5085153529895308,0.00023901677371629404,0
sample_20250908_152135,2022,2024,-5.234485349650686,-5.134485349650686,-64.36988054348166,-64.26988054348166,0.0,3.3611751763556983,0.0,0.5074039261748083,0.49368090701350226,-0.013723019161306083,0
sample_20250908_152212,2022,2024,-8.029731832080296,-7.9297318320802965,-59.73655673878825,-59.63655673878825,0.0,1.5054751281738281,0.0,0.503098004380805,0.5114773794966369,0.008379375115831866,0
sample_20250908_152243,2022,2024,-3.698038830380419,-3.598038830380419,-63.75711117572109,-63.65711117572109,0.0,212.15295974358054,0.0,0.39482313572452815,0.4069791944640989,0.012156058739570763,0
sample_20250908_152325,2022,2024,-8.585164120855616,-8.485164120855616,-59.71156526687559,-59.61156526687559,0.0,1.5917834411621095,0.0,0.5061011601122475,0.5020407590460456,-0.004060401066201869,0
sample_20250908_152347,2022,2024,-3.538578207674555,-3.438578207674555,-55.46953357320358,-55.369533573203576,0.0,1901.9562572678026,0.0,0.5010351773304393,0.4657851731275512,-0.03525000420288815,1
sample_20250908_152413,2022,2024,-7.975915461940783,-7.875915461940783,-58.1184738633461,-58.018473863346095,0.0,6.289952512805415,0.0,0.5242742396750242,0.5287227086237749,0.004448468948750728,0
sample_20250908_152439,2022,2024,-5.149737668270275,-5.049737668270275,-56.03658553883483,-55.93658553883483,0.0,1531.617013016238,0.0,0.4896123563793759,0.4672857718334536,-0.02232658454592229,1
sample_20250908_152508,2022,2024,-4.587806476454207,-4.487806476454208,-62.807552212306845,-62.707552212306844,0.0,1.726622019330193,0.0,0.5157866279268039,0.49883355044146316,-0.016953077485340695,0
sample_20250908_152530,2022,2024,-6.105748319779741,-6.005748319779741,-64.53818506544468,-64.43818506544469,0.0,10.83075480973786,0.0,0.5057044942170992,0.4934240790573033,-0.012280415159795888,0
sample_20250908_152606,2022,2024,-4.662582844467088,-4.562582844467088,-64.40283047667171,-64.30283047667172,0.0,4.3556511409026495,0.0,0.5136492436708077,0.5013892209295281,-0.012260022741279575,0
sample_20250908_152634,2022,2024,-8.704431849903429,-8.60443184990343,-62.77527798602425,-62.67527798602425,0.0,120.77417740926107,0.0,0.49667067825243666,0.48257476790438963,-0.014095910348047025,0
sample_20250908_152705,2022,2024,-7.258294363421845,-7.158294363421845,-63.324294507736134,-63.22429450773613,0.0,13.506171681123623,0.0,0.4947170556106375,0.48691703181993246,-0.007800023790705046,0
sample_20250908_152756,2022,2024,-5.909932328941567,-5.809932328941567,-59.348473867235676,-59.248473867235674,0.0,3.7355496215820314,0.0,0.5052553311233919,0.49586535536194765,-0.009389975761444291,0
sample_20250908_152822,2022,2024,-7.210833923068838,-7.110833923068839,-61.43324477542128,-61.33324477542128,0.0,2.306633837890625,0.0,0.510184165063925,0.49341880623529366,-0.016765358828631394,0
sample_20250908_152851,2022,2024,-6.955126578701265,-6.855126578701265,-55.7284729643019,-55.6284729643019,0.0,618.8913784387447,0.0,0.5119581359625602,0.4977870386347662,-0.014171097327794036,0
sample_20250908_152919,2022,2024,-7.888154388001195,-7.788154388001195,-58.686354293963106,-58.586354293963105,0.0,5.614127421779259,0.0,0.5137452486393613,0.509310351403746,-0.004434897235615298,0
sample_20250908_152951,2022,2024,-5.497072565363235,-5.397072565363235,-62.593914119898564,-62.49391411989856,0.0,2.136101318359375,0.0,0.5088616909413106,0.49361759309506764,-0.015244097846242977,0
sample_20250908_153015,2022,2024,-6.321088500245731,-6.221088500245731,-57.23843431788919,-57.138434317889185,0.0,5.002266396987018,0.0,0.5254405900250405,0.5260945917959488,0.0006540017709082413,0
sample_20250908_153040,2022,2024,-6.012619723477625,-5.912619723477626,-62.309413491084065,-62.209413491084064,0.0,3.412257808191636,0.0,0.5025377262103247,0.4996690850787669,-0.00286864113155777,0
sample_20250908_153108,2022,2024,-7.673369275879024,-7.573369275879024,-64.5679652378425,-64.4679652378425,0.0,145.55552730554916,0.0,0.4899241902423902,0.4777594038883161,-0.012164786354074086,0
sample_20250908_153221,2022,2024,-5.533530237177667,-5.433530237177667,-63.89069295428874,-63.79069295428874,0.0,7.564870373535157,0.0,0.510616551002031,0.5116598283238444,0.0010432773218134184,0
sample_20250908_153257,2022,2024,-6.525187352445414,-6.425187352445414,-63.76036942431616,-63.66036942431616,0.0,1.8117582572189033,0.0,0.5012781665580496,0.48743313585970754,-0.013845030698342031,0
sample_20250908_153325,2022,2024,-8.76588421316734,-8.66588421316734,-55.53609606638514,-55.43609606638514,0.0,1.1491103210449218,0.0,0.5306153072770768,0.5391277960054911,0.008512488728414258,0
sample_20250908_153349,2022,2024,-4.866996281233678,-4.766996281233678,-60.76846940536351,-60.66846940536351,0.0,2.8507935607910158,0.0,0.4721999201168728,0.46641809788228805,-0.0057818222345847325,0
sample_20250908_153417,2022,2024,-8.731506879353196,-8.631506879353196,-59.64242669160728,-59.542426691607275,0.0,1.4144416259765624,0.0,0.5041937571399291,0.5018611052978289,-0.0023326518421001863,0
sample_20250908_153439,2022,2024,-7.814649008039786,-7.714649008039786,-62.61573944115892,-62.51573944115892,0.0,31.742863044481464,0.0,0.499302531395938,0.48936671193159376,-0.009935819464344242,0
sample_20250908_153517,2022,2024,-7.9120302772757105,-7.812030277275711,-59.323820883272184,-59.22382088327218,0.0,5.225952770996094,0.0,0.5095423988438361,0.5069583508539705,-0.0025840479898656676,0
sample_20250908_153533,2022,2024,-8.717053488194773,-8.617053488194774,-60.14963831307321,-60.04963831307321,0.0,2.652059753417969,0.0,0.502333220879693,0.5009316990333645,-0.0014015218463284684,0
sample_20250908_153556,2022,2024,-8.650548431254972,-8.550548431254972,-61.56184129328384,-61.46184129328384,0.0,1.237826416015625,0.0,0.4600966573645285,0.4654557848815944,0.005359127517065909,0
sample_20250908_153628,2022,2024,-3.86730900312123,-3.76730900312123,-61.18286876572894,-61.08286876572894,0.0,98.20230377376781,0.0,0.4750183214883235,0.48341279729656994,0.008394475808246427,0
sample_20250908_153712,2022,2024,-5.6623895835183795,-5.56238958351838,-64.23858748086279,-64.1385874808628,0.0,72.61754276089536,0.0,0.40217829866208243,0.3958680369926241,-0.006310261669458361,0
sample_20250908_153749,2022,2024,-6.776990474435115,-6.676990474435115,-55.22225230892863,-55.12225230892863,0.0,2014.0480740419162,0.0,0.4044826553518719,0.36773635785159153,-0.036746297500280356,1
sample_20250908_153819,2022,2024,-5.34009339959133,-5.240093399591331,-63.976215838817424,-63.87621583881742,0.0,1.424439990234375,0.0,0.5060489890516103,0.49663946806121717,-0.009409520990393161,0
sample_20250908_153908,2022,2024,-6.452886346719874,-6.352886346719874,-59.599073830012735,-59.49907383001273,0.0,1.8659046447753906,0.0,0.5114932085783599,0.5058311283143426,-0.005662080264017266,0
sample_20250908_153939,2022,2024,-4.86851366289406,-4.76851366289406,-55.86754000528872,-55.767540005288716,0.0,922.2536886296533,0.0,0.5040278472917136,0.4935302317983767,-0.010497615493336887,0
sample_20250908_154022,2022,2024,-4.744333818572888,-4.644333818572888,-62.942126639840914,-62.84212663984091,0.0,0.5346276794433594,0.0,0.5071500286199755,0.49781565195719657,-0.00933437666277892,0
sample_20250908_154041,2022,2024,-4.048244084445741,-3.9482440844457405,-63.56913103518984,-63.46913103518984,0.0,1.7200284482469745,0.0,0.5038243856936946,0.49320963687118086,-0.010614748822513731,0
sample_20250908_154057,2022,2024,-3.2011999974724876,-3.1011999974724875,-64.34307208783144,-64.24307208783145,0.0,32.26224762795841,0.0,0.4531156637388795,0.46912828707703486,0.01601262333815534,0
sample_20250908_154119,2022,2024,-8.407447136159101,-8.307447136159102,-61.736621431398106,-61.636621431398105,0.0,642.5885053470148,0.0,0.3297486830470557,0.30917538225489116,-0.020573300792164517,1
sample_20250908_154140,2022,2024,-7.091805000723676,-6.9918050007236765,-57.223496709314134,-57.12349670931413,0.0,15.201347607062845,0.0,0.5267287279048964,0.5157282496135089,-0.011000478291387505,0
sample_20250908_154213,2022,2024,-8.305649783135184,-8.205649783135184,-62.915900792626054,-62.81590079262605,0.0,921.2320521848445,0.0,0.46304520104377345,0.456916711948743,-0.006128489095030443,0
sample_20250908_154244,2022,2024,-6.494016749066148,-6.394016749066148,-57.71960161620518,-57.61960161620518,0.0,2.5765365661621096,0.0,0.5289394700096127,0.5249218769446197,-0.0040175930649930525,0
sample_20250908_154302,2022,2024,-4.023716904346406,-3.923716904346406,-62.23297109808209,-62.13297109808209,0.0,29.108937641170726,0.0,0.46225791739454264,0.4833644845248866,0.02110656713034398,0
sample_20250908_154326,2022,2024,-5.432391016242592,-5.3323910162425925,-59.1370752572111,-59.0370752572111,0.0,2.0473580871582033,0.0,0.5076771901630108,0.5065941449465279,-0.0010830452164829474,0
sample_20250908_154347,2022,2024,-3.1281500175897996,-3.0281500175897995,-55.5022793711718,-55.4022793711718,0.0,1.963984375,0.0,0.5270553824694386,0.5241109832187352,-0.0029443992507034444,0
sample_20250908_154405,2022,2024,-6.1726024478455574,-6.072602447845558,-56.593861602398526,-56.493861602398525,0.0,161.85058686209877,0.0,0.5214702978404813,0.5197213361251005,-0.001748961715380748,0
sample_20250908_154427,2022,2024,-6.7980861524896845,-6.698086152489685,-61.46623582706498,-61.366235827064976,0.0,0.9767254272460938,0.0,0.46407102353485596,0.45915415927573855,-0.004916864259117415,0
sample_20250908_154456,2022,2024,-5.6362530700390305,-5.536253070039031,-57.020034251635664,-56.92003425163566,0.0,56.3999751735792,0.0,0.5222982030119938,0.5295388671111264,0.007240664099132599,0
sample_20250908_154545,2022,2024,-4.442424332967607,-4.3424243329676075,-59.693082637440824,-59.59308263744082,0.0,165.5016561961694,0.0,0.39493414604287397,0.3998830348679657,0.004948888825091757,0
sample_20250908_154612,2022,2024,-4.2291109777697615,-4.129110977769762,-62.537678854907156,-62.437678854907155,0.0,1.159189715576172,0.0,0.5142431327525085,0.4991729348177234,-0.015070197934785146,0
sample_20250908_154640,2022,2024,-5.765278936580808,-5.665278936580808,-62.0421434220562,-61.9421434220562,0.0,1.0675771545410155,0.0,0.5040181952410624,0.4981106133556517,-0.005907581885410684,0
sample_20250908_154702,2022,2024,-5.876178222159817,-5.7761782221598175,-57.30264646958513,-57.202646469585126,0.0,38.81161298268038,0.0,0.4972594025989653,0.5061685756015506,0.008909173002585313,0
sample_20250908_154738,2022,2024,-7.147658971269196,-7.047658971269196,-59.72762197019212,-59.627621970192116,0.0,984.5594314361006,0.0,0.46350900276668716,0.4487871687573976,-0.014721834009289558,0
sample_20250908_154814,2022,2024,-7.403523816815776,-7.303523816815776,-64.57477020398163,-64.47477020398163,0.0,104.09487054340438,0.0,0.5016949950872555,0.48129259194796137,-0.02040240313929409,1
sample_20250908_154837,2022,2024,-4.31829047710946,-4.21829047710946,-56.24108540032881,-56.141085400328805,0.0,1225.849109396375,0.0,0.4832742116444527,0.4614372418020881,-0.021836969842364606,1
sample_20250908_154919,2022,2024,-5.832622995167945,-5.7326229951679455,-60.33098378180178,-60.230983781801775,0.0,70.3563021824975,0.0,0.43405277936804376,0.42674633745950036,-0.007306441908543404,0
sample_20250908_154958,2022,2024,-3.0906567451735594,-2.9906567451735593,-59.525697577986726,-59.425697577986725,0.0,77.05744939512964,0.0,0.4397023264633894,0.4392032033056337,-0.0004991231577556876,0
sample_20250908_155042,2022,2024,-8.866038009394854,-8.766038009394855,-58.91492137310759,-58.81492137310759,0.0,11.399894604492188,0.0,0.525114582310758,0.521709836017137,-0.003404746293620975,0
sample_20250908_155122,2022,2024,-4.271024056817063,-4.171024056817063,-58.808709891833594,-58.70870989183359,0.0,10.56955281759823,0.0,0.502200688707325,0.49835324107624535,-0.0038474476310796923,0
sample_20250908_155145,2022,2024,-7.568424362265894,-7.468424362265894,-57.373464295733214,-57.27346429573321,0.0,11.59086576748717,0.0,0.5246398753044259,0.5152545553730624,-0.00938531993136349,0
sample_20250908_155207,2022,2024,-8.855967663322678,-8.755967663322679,-58.70194345531175,-58.60194345531175,0.0,4.569950232938878,0.0,0.530151329620729,0.5224545586613224,-0.007696770959406574,0
sample_20250908_155237,2022,2024,-6.148891726207323,-6.048891726207323,-63.073203812803335,-62.973203812803334,0.0,0.5334470764160156,0.0,0.50855003504082,0.5016974572307179,-0.006852577810102067,0
sample_20250908_155303,2022,2024,-6.539655003030834,-6.439655003030834,-63.62052372118138,-63.52052372118138,0.0,14.125277978515625,0.0,0.49602069437467217,0.4824055719237249,-0.013615122450947259,0
sample_20250908_155328,2022,2024,-7.91230071356519,-7.8123007135651905,-60.908491803786696,-60.808491803786694,0.0,2.7529402401194853,0.0,0.5145619984480174,0.5094878339966789,-0.00507416445133857,0
sample_20250908_155353,2022,2024,-4.3380121936241025,-4.238012193624103,-64.95756762779448,-64.85756762779448,0.0,1.0698537353515625,0.0,0.5077487821234341,0.5002210052636752,-0.007527776859758917,0
sample_20250908_155413,2022,2024,-4.442040319420989,-4.342040319420989,-58.90069778841734,-58.80069778841734,0.0,3.030791680908203,0.0,0.4812733133639543,0.4777165533783614,-0.0035567599855929055,0
sample_20250908_155436,2022,2024,-4.268681930969372,-4.168681930969372,-56.78492227386393,-56.684922273863926,0.0,1.6049116455078125,0.0,0.5149306834914108,0.5264631701740643,0.011532486682653498,0
sample_20250908_155457,2022,2024,-6.594574987135226,-6.494574987135226,-56.39060173108195,-56.29060173108195,0.0,546.6053669251436,0.0,0.4694473862808981,0.4711861076831032,0.0017387214022051012,0
sample_20250908_155537,2022,2024,-3.778221611752003,-3.678221611752003,-64.20480773430037,-64.10480773430038,0.0,165.15220780223171,0.0,0.3745047199369982,0.3724983650901523,-0.0020063548468459147,0
sample_20250908_155559,2022,2024,-8.848743978548804,-8.748743978548804,-55.09848618276516,-54.998486182765156,0.0,539.4662894380699,0.0,0.49444099199114033,0.4852660656053617,-0.009174926385778659,0
sample_20250908_155641,2022,2024,-4.010456546850878,-3.910456546850878,-55.3535463311685,-55.2535463311685,0.0,732.0351772316369,0.0,0.5220894437705007,0.5099974926784698,-0.012091951092030873,0
sample_20250908_155706,2022,2024,-6.988966153373551,-6.888966153373551,-57.30924477643464,-57.20924477643464,0.0,4.9589500644100415,0.0,0.5235250065891411,0.5206098392963758,-0.0029151672927653083,0
sample_20250908_155728,2022,2024,-8.858542443841163,-8.758542443841163,-55.30466714987069,-55.20466714987069,0.0,21.694811859082986,0.0,0.5251823064425155,0.5262479593574486,0.0010656529149331018,0
sample_20250908_155753,2022,2024,-6.712193092161011,-6.612193092161012,-62.20036527719943,-62.10036527719943,0.0,0.35522925415039064,0.0,0.5013664572083192,0.5018643621268286,0.0004979049185094286,0
sample_20250908_155822,2022,2024,-6.45301884804299,-6.35301884804299,-56.89696506929349,-56.79696506929349,0.0,27.93626517853382,0.0,0.5189052972388974,0.5191164932429644,0.00021119600406693806,0
sample_20250908_155900,2022,2024,-8.093448387539897,-7.993448387539898,-56.25106971983785,-56.15106971983785,0.0,2.921830902099609,0.0,0.49834424094658575,0.4963422685117298,-0.0020019724348559476,0
sample_20250908_155958,2022,2024,-8.00294603854731,-7.902946038547311,-55.19930427333277,-55.09930427333277,0.0,608.5951443918508,0.0,0.38549529474904887,0.3807899147943172,-0.004705379954731692,0
sample_20250908_160027,2022,2024,-7.014460210937621,-6.914460210937621,-61.31743903913824,-61.21743903913824,0.0,2.3964013610839845,0.0,0.5040453465822412,0.49279493968145527,-0.011250406900785936,0
sample_20250908_160053,2022,2024,-3.460337660532521,-3.360337660532521,-62.44332261198124,-62.343322611981236,0.0,0.6247073120117187,0.0,0.5156020621729032,0.5089543454876297,-0.006647716685273419,0
sample_20250908_160117,2022,2024,-8.367593221308065,-8.267593221308065,-62.32662830614764,-62.22662830614764,0.0,1.504144091796875,0.0,0.5025239228119227,0.49725152929570143,-0.005272393516221274,0
sample_20250908_160201,2022,2024,-5.268772432248124,-5.168772432248124,-56.055704565491,-55.955704565491,0.0,1138.3047270210793,0.0,0.47590272617924834,0.4640243290164034,-0.011878397162844945,0
sample_20250908_171814,2022,2024,-5.105624429971279,-5.005624429971279,-55.03305317947836,-54.93305317947836,0.0,3.6514175170898437,0.0,0.5294109980137603,0.5258084467533075,-0.0036025512604528354,0
sample_20250908_171849,2022,2024,-6.5198433520619155,-6.419843352061916,-62.15117199549232,-62.05117199549232,0.0,9.398979978099149,0.0,0.5056316592879873,0.5046813283645887,-0.000950330923398579,0
sample_20250908_171932,2022,2024,-6.1628613168533155,-6.062861316853316,-55.19337646895346,-55.09337646895346,0.0,15.09136692349303,0.0,0.5270996340819721,0.529661795456185,0.0025621613742128346,0
sample_20250908_172003,2022,2024,-5.4168036721684025,-5.316803672168403,-60.89019146853082,-60.79019146853082,0.0,171.62760917458925,0.0,0.49177239874834805,0.47764969804179697,-0.014122700706551083,0
sample_20250908_172048,2022,2024,-7.580358382584747,-7.480358382584748,-61.09040088097854,-60.99040088097854,0.0,130.0469954284668,0.0,0.5025255302618071,0.48806432469094274,-0.014461205570864388,0
sample_20250908_172126,2022,2024,-3.6200123936072206,-3.5200123936072205,-62.83260041481907,-62.73260041481907,0.0,62.55696216349284,0.0,0.3989268191179825,0.44168781003280144,0.04276099091481894,0
sample_20250908_172144,2022,2024,-7.089996451930581,-6.9899964519305815,-63.71004810460239,-63.61004810460239,0.0,4.525883563232422,0.0,0.4984189260228655,0.48754157754248706,-0.010877348480378468,0
sample_20250908_172211,2022,2024,-5.747133370213099,-5.6471333702130995,-62.873542240017,-62.773542240017,0.0,0.8007126831054687,0.0,0.5116515679636946,0.4998128304728554,-0.01183873749083919,0
sample_20250908_172237,2022,2024,-4.024091669473417,-3.9240916694734165,-60.097783967276605,-59.997783967276604,0.0,579.6169971972655,0.0,0.4909945425133509,0.4757123469347794,-0.015282195578571522,0
sample_20250908_172308,2022,2024,-6.525345456389923,-6.425345456389923,-55.92663024190777,-55.82663024190777,0.0,762.6073842464925,0.0,0.49094008694955643,0.47620618513746843,-0.014733901812088002,0
sample_20250908_172337,2022,2024,-8.569035574798635,-8.469035574798635,-62.54513766207503,-62.44513766207503,0.0,616.0681317252124,0.0,0.4534989385392854,0.4383177630443062,-0.015181175494979215,0
sample_20250908_172402,2022,2024,-8.88778829365538,-8.78778829365538,-62.51753569248383,-62.41753569248383,0.0,2051.535886518,0.0,0.4270686092002172,0.4079724242260751,-0.019096184974142116,0
sample_20250908_172459,2022,2024,-8.306844010680837,-8.206844010680838,-63.67768076498457,-63.57768076498457,0.0,1.2388791564941406,0.0,0.5093796149827771,0.4982679453887054,-0.011111669594071671,0
sample_20250908_172522,2022,2024,-7.796610446143841,-7.696610446143842,-63.343319828319,-63.243319828318995,0.0,566.5030473539466,0.0,0.48515519114361044,0.48015222613574177,-0.005002965007868676,0
sample_20250908_172551,2022,2024,-4.687013342524851,-4.587013342524851,-64.14394513750041,-64.04394513750042,0.0,0.623803271484375,0.0,0.5026590272023,0.4998335518081326,-0.0028254753941674426,0
sample_20250908_172618,2022,2024,-3.3896482380453428,-3.2896482380453427,-56.94329887525849,-56.84329887525849,0.0,143.63377629471123,0.0,0.5097984507215811,0.5072042714121047,-0.0025941793094764742,0
sample_20250908_172652,2022,2024,-5.360501573634529,-5.26050157363453,-61.15939112169345,-61.05939112169345,0.0,0.8902482849121094,0.0,0.4981399996803141,0.4956093267545446,-0.0025306729257694727,0
sample_20250908_172715,2022,2024,-4.207474219954221,-4.107474219954222,-64.20388285399258,-64.10388285399259,0.0,21.331748246136833,0.0,0.5031134688582484,0.5021323578701911,-0.00098111098805731,0
sample_20250908_172734,2022,2024,-4.042875323843839,-3.942875323843839,-60.91917187468113,-60.81917187468113,0.0,0.9810917724609375,0.0,0.4949161658364922,0.4967069341409909,0.0017907683044987022,0
sample_20250908_172804,2022,2024,-7.061086236019653,-6.9610862360196535,-59.888040078596894,-59.78804007859689,0.0,1347.98629443362,0.0,0.446453969004999,0.4282753961682201,-0.018178572836778928,0
sample_20250908_172825,2022,2024,-4.516102500945304,-4.416102500945304,-55.013564126259844,-54.91356412625984,0.0,2073.584423062911,0.0,0.4959133035215538,0.472589107068697,-0.023324196452856827,1
sample_20250908_172903,2022,2024,-5.939968213202138,-5.839968213202138,-60.78464113390463,-60.68464113390463,0.0,26.46039772566253,0.0,0.49247210072195147,0.4881087220475703,-0.004363378674381191,0
sample_20250908_172922,2022,2024,-7.589734802052296,-7.489734802052296,-56.30843053394795,-56.20843053394795,0.0,18.969249367532168,0.0,0.5147184053475318,0.5100814160957577,-0.004636989251774026,0
sample_20250908_172942,2022,2024,-3.122248451014043,-3.022248451014043,-64.70662396876779,-64.60662396876779,0.0,253.87027099006204,0.0,0.3831646480524172,0.4110658888109632,0.027901240758545998,0
sample_20250908_173000,2022,2024,-5.6173115591426,-5.5173115591426,-64.102186005061,-64.002186005061,0.0,48.82085069517846,0.0,0.439869541755575,0.4345091582558695,-0.005360383499705523,0
sample_20250908_173037,2022,2024,-7.3264454317705585,-7.226445431770559,-59.969184749004626,-59.869184749004624,0.0,1093.4688275224485,0.0,0.4305432853727509,0.40992150904544716,-0.02062177632730372,1
sample_20250908_173101,2022,2024,-8.000569822722218,-7.900569822722218,-55.73428758176388,-55.63428758176388,0.0,5.548179865938074,0.0,0.5333152619722337,0.5338817579385434,0.0005664959663097546,0
sample_20250908_173133,2022,2024,-3.738122082849359,-3.638122082849359,-55.669199820251364,-55.56919982025136,0.0,221.14101367345484,0.0,0.5045898746803793,0.506745879228835,0.002156004548455659,0
sample_20250908_173338,2022,2024,-4.5920959240720745,-4.492095924072075,-57.980106902918024,-57.88010690291802,0.0,1.782455401611328,0.0,0.5090311128335079,0.5065520598468131,-0.0024790529866948186,0
sample_20250908_173405,2022,2024,-8.514376368264674,-8.414376368264675,-60.17791932132147,-60.07791932132147,0.0,6.987631408691406,0.0,0.503183417653406,0.4950802948733973,-0.008103122780008742,0
sample_20250908_173448,2022,2024,-8.415456497027405,-8.315456497027405,-60.27746154928273,-60.177461549282725,0.0,6.370156768798828,0.0,0.5105575730313462,0.5064725725530583,-0.004085000478287859,0
sample_20250908_173510,2022,2024,-7.5719286146027365,-7.471928614602737,-59.17413213630535,-59.07413213630535,0.0,7.576973520579618,0.0,0.5281523423919692,0.5161706075485444,-0.011981734843424796,0
sample_20250909_123522,2022,2024,-5.699207882550579,-5.599207882550579,-55.182505994353,-55.082505994353,0.0,1.7795056579589843,0.0,0.5277307571246682,0.5272730554340757,-0.00045770169059256016,0
sample_20250909_123553,2022,2024,-7.100720306767212,-7.000720306767213,-63.860684931816934,-63.76068493181693,0.0,11.425369554323682,0.0,0.49521859966501963,0.4720070084522746,-0.02321159121274502,1
sample_20250909_123625,2022,2024,-8.930870693342746,-8.830870693342746,-60.13065081538257,-60.03065081538257,0.0,3.0924438171386717,0.0,0.5008416148099182,0.49515629723872345,-0.005685317571194726,0
sample_20250909_123702,2022,2024,-6.0141267949878925,-5.914126794987893,-64.04360926252927,-63.94360926252927,0.0,1.8674623962402344,0.0,0.5076687484827794,0.49727104973987024,-0.01039769874290919,0
sample_20250909_123726,2022,2024,-4.9330223925480325,-4.833022392548033,-56.26207611185019,-56.16207611185019,0.0,1251.0975574737458,0.0,0.46995053639754736,0.45918383855930284,-0.010766697838244521,0
sample_20250909_123748,2022,2024,-3.9560030175496728,-3.8560030175496727,-63.18729374112585,-63.08729374112585,0.0,149.10390126122567,0.0,0.3931862246145833,0.3946725870485816,0.0014863624339983006,0
sample_20250909_123805,2022,2024,-5.173500674384949,-5.07350067438495,-62.80633743895666,-62.70633743895666,0.0,24.845662841796877,0.0,0.5048353953241821,0.5075215470702663,0.00268615174608422,0
sample_20250909_123854,2022,2024,-5.570648882303934,-5.4706488823039345,-59.477409649638254,-59.37740964963825,0.0,6.228647341571882,0.0,0.5208144122878283,0.5088121761325988,-0.012002236155229551,0
sample_20250909_123929,2022,2024,-4.956304851912765,-4.856304851912765,-57.02760379416663,-56.92760379416663,0.0,31.214749095339304,0.0,0.5081234742901182,0.5120918340609472,0.003968359770828989,0
sample_20250909_123947,2022,2024,-3.591731689909305,-3.491731689909305,-57.0703319285676,-56.970331928567596,0.0,1.4277104614257812,0.0,0.5089283050824164,0.509810912461038,0.0008826073786216693,0
sample_20250909_124044,2022,2024,-6.431812030440218,-6.331812030440219,-55.185727604188,-55.085727604188,0.0,3127.0722387346423,0.0,0.5037898531460641,0.44839727200090906,-0.055392581145154995,1
sample_20250909_124058,2022,2024,-3.9942846745483793,-3.8942846745483792,-61.802216612977254,-61.70221661297725,0.0,175.32779179089113,0.0,0.29362387534993906,0.33716527936051144,0.04354140401057238,0
sample_20250909_124116,2022,2024,-6.575469874812866,-6.475469874812866,-57.54289565036379,-57.44289565036379,0.0,44.20982383846508,0.0,0.5191593150790265,0.5207387758533495,0.0015794607743230271,0
sample_20250909_124154,2022,2024,-3.9150160828168783,-3.815016082816878,-64.85124288741518,-64.75124288741519,0.0,0.7135862731933593,0.0,0.5099089233533369,0.5137490328929963,0.0038401095396594087,0
sample_20250909_124213,2022,2024,-8.714107015992587,-8.614107015992587,-60.88189268586064,-60.78189268586064,0.0,3.4476715576171877,0.0,0.49021278338620633,0.4826678569890376,-0.00754492639716875,0
sample_20250909_124243,2022,2024,-6.666466508306292,-6.566466508306292,-60.8637887027641,-60.763788702764096,0.0,1.6874975708007813,0.0,0.5101005063566991,0.5062531767936721,-0.0038473295630270243,0
sample_20250909_124319,2022,2024,-5.243687149572725,-5.143687149572726,-60.63219899656501,-60.53219899656501,0.0,64.33662914488548,0.0,0.5046071088515031,0.4977313869398885,-0.006875721911614563,0
sample_20250909_124342,2022,2024,-3.6019084324685853,-3.501908432468585,-58.92948929744248,-58.82948929744248,0.0,101.2486536815449,0.0,0.2922770391864569,0.36299006510094706,0.07071302591449014,0
sample_20250909_124408,2022,2024,-6.004320638623968,-5.904320638623968,-62.82176209665812,-62.72176209665812,0.0,1.5117812561035155,0.0,0.5066275212481128,0.49702647096631103,-0.009601050281801804,0
sample_20250909_124528,2022,2024,-6.4356698831226105,-6.335669883122611,-63.358499698083115,-63.258499698083114,0.0,48.91779763966281,0.0,0.5034020113383019,0.4914197909773312,-0.011982220360970686,0
sample_20250909_124554,2022,2024,-3.6441062436996434,-3.5441062436996433,-60.79123436707079,-60.69123436707079,0.0,66.5090599743413,0.0,0.4653038715156129,0.485005086473873,0.019701214958260105,0
sample_20250909_124632,2022,2024,-3.4254779755698017,-3.3254779755698016,-59.55091610931297,-59.45091610931297,0.0,548.9254190148212,0.0,0.47064757664248574,0.47400198270752353,0.003354406065037785,0
sample_20250909_124716,2022,2024,-3.805825564373391,-3.705825564373391,-55.30936415129845,-55.20936415129845,0.0,2.5870666137695313,0.0,0.5194078117750782,0.5264353414940125,0.007027529718934278,0
sample_20250909_124738,2022,2024,-3.441809613136307,-3.341809613136307,-58.50641062290819,-58.40641062290819,0.0,405.47614613398554,0.0,0.21100727098695884,0.28687965435555235,0.0758723833685935,0
sample_20250909_124825,2022,2024,-8.297391036838103,-8.197391036838104,-64.87246848379122,-64.77246848379123,0.0,1.9468763488769532,0.0,0.4994870797097818,0.48806341423798366,-0.011423665471798128,0
sample_20250909_124843,2022,2024,-4.737036701546193,-4.637036701546194,-64.34967379456285,-64.24967379456285,0.0,0.17820679321289062,0.0,0.5048048930060066,0.4968677562955984,-0.007937136710408244,0
sample_20250909_124900,2022,2024,-6.916714848879559,-6.81671484887956,-61.691765101374244,-61.59176510137424,0.0,15.446291247558595,0.0,0.5030506243809472,0.48836377324738683,-0.01468685113356033,0
sample_20250909_124927,2022,2024,-6.194917307765651,-6.094917307765652,-57.49709802668269,-57.39709802668269,0.0,257.095683940334,0.0,0.5147696457556548,0.5093098961710081,-0.005459749584646678,0
sample_20250909_124951,2022,2024,-4.549522065978164,-4.449522065978164,-55.06632877866027,-54.96632877866027,0.0,1053.4380397459738,0.0,0.5119699642719359,0.5032866719849246,-0.008683292287011257,0
sample_20250909_125033,2022,2024,-7.186435834784231,-7.086435834784232,-56.092099947931615,-55.992099947931614,0.0,11.979923559666053,0.0,0.5279509595643042,0.5276259865965286,-0.00032497296777556084,0
sample_20250909_125052,2022,2024,-4.471938414835136,-4.371938414835136,-58.59394861543922,-58.493948615439216,0.0,5.815897981675091,0.0,0.49867856105723984,0.4881588008718981,-0.010519760185341731,0
sample_20250909_125113,2022,2024,-8.511614918373123,-8.411614918373123,-59.87860727880462,-59.77860727880462,0.0,4.776357391357422,0.0,0.4996100504560499,0.4977920903433252,-0.0018179601127246703,0
sample_20250909_125154,2022,2024,-4.618622685659828,-4.518622685659828,-61.94971354936718,-61.84971354936718,0.0,17.858066236548332,0.0,0.48533437287111236,0.48488175637932335,-0.0004526164917890152,0
sample_20250909_125222,2022,2024,-8.384602252971279,-8.284602252971279,-58.475621257920615,-58.37562125792061,0.0,3.6513636536123237,0.0,0.5379094900701185,0.5372308995746377,-0.000678590495480802,0
sample_20250909_125241,2022,2024,-3.317961163211246,-3.2179611632112457,-64.58129557343652,-64.48129557343653,0.0,32.1142622987276,0.0,0.38013834601360147,0.4008453232245057,0.020706977210904254,0
sample_20250909_125301,2022,2024,-4.225324424724593,-4.125324424724593,-64.48935423687328,-64.38935423687329,0.0,2.942427191162109,0.0,0.5075359725731579,0.4962982113686801,-0.01123776120447778,0
sample_20250909_125343,2022,2024,-8.865570474978519,-8.765570474978519,-57.627637567300184,-57.52763756730018,0.0,2.5627112670898438,0.0,0.5215734281647076,0.5166983118003573,-0.00487511636435034,0
sample_20250909_125407,2022,2024,-6.706572079164525,-6.6065720791645255,-58.61305598488691,-58.51305598488691,0.0,499.00981179440964,0.0,0.5045408779869219,0.4868082204845326,-0.017732657502389337,0
sample_20250909_125433,2022,2024,-5.581098060896808,-5.481098060896809,-59.226798946011684,-59.12679894601168,0.0,1.023218064180262,0.0,0.5131663615672573,0.504547434661517,-0.008618926905740287,0
sample_20250909_125458,2022,2024,-5.16501302559019,-5.06501302559019,-55.25131267392126,-55.15131267392126,0.0,2.982738203843061,0.0,0.5333974724136996,0.5311357201381874,-0.0022617522755121744,0
sample_20250909_125533,2022,2024,-4.395767900637262,-4.295767900637262,-57.085750329640106,-56.985750329640105,0.0,1.3372092651367187,0.0,0.5125391827796406,0.5227679048721784,0.010228722092537779,0
sample_20250909_125616,2022,2024,-5.458743913530789,-5.358743913530789,-55.54223827113549,-55.44223827113549,0.0,54.56149851074219,0.0,0.5279393266089022,0.5243179700332465,-0.0036213565756556543,0
sample_20250909_125642,2022,2024,-7.723461308055474,-7.623461308055474,-62.61679142624829,-62.51679142624829,0.0,370.20652004035503,0.0,0.4947801506881356,0.48518255917368525,-0.009597591514450332,0
sample_20250909_125725,2022,2024,-8.303682308071735,-8.203682308071736,-59.41632503494947,-59.31632503494947,0.0,1.9468868286132812,0.0,0.5004876094334361,0.5047649670156392,0.004277357582203156,0
sample_20250909_125759,2022,2024,-7.7589273176247735,-7.658927317624774,-55.22200672521442,-55.12200672521442,0.0,790.8399539111329,0.0,0.34601565292327047,0.35422300725478106,0.008207354331510597,0
sample_20250909_125835,2022,2024,-7.473066822847571,-7.373066822847571,-55.707680231767775,-55.60768023176777,0.0,1278.5584109620618,0.0,0.4447828653558506,0.42249425560376613,-0.022288609752084465,1
sample_20250909_125856,2022,2024,-6.815192398856976,-6.715192398856976,-59.21528390198711,-59.115283901987105,0.0,839.3198780694939,0.0,0.4728301550682022,0.464986851464439,-0.007843303603763174,0
sample_20250909_125925,2022,2024,-6.616609947093928,-6.5166099470939285,-60.35921353314804,-60.25921353314804,0.0,1.9451376035682828,0.0,0.5144192293271437,0.509693375429713,-0.004725853897430632,0
sample_20250909_125956,2022,2024,-8.133235838654809,-8.033235838654809,-62.365624877392925,-62.26562487739292,0.0,1.5935916931152343,0.0,0.49864494919697483,0.48819769364523324,-0.010447255551741585,0
sample_20250909_130029,2022,2024,-3.8489111977006853,-3.7489111977006853,-59.219224078671616,-59.119224078671614,0.0,386.4138419558058,0.0,0.35643397859998577,0.365838037870605,0.009404059270619214,0
sample_20250909_130109,2022,2024,-5.5798797997404,-5.4798797997404005,-64.99067657435283,-64.89067657435284,0.0,10.32286195678711,0.0,0.5098816750329802,0.5012214437171134,-0.008660231315866795,0
sample_20250909_130134,2022,2024,-8.577383828668935,-8.477383828668936,-59.81833386573776,-59.71833386573776,0.0,2.5646763793945313,0.0,0.4981449335106015,0.4964536433025157,-0.0016912902080858383,0
sample_20250909_130200,2022,2024,-6.177604954904045,-6.077604954904046,-62.28297521134818,-62.18297521134818,0.0,43.47480251649146,0.0,0.4953345610622593,0.4876427634549673,-0.007691797607291995,0
sample_20250909_130224,2022,2024,-7.432309223695157,-7.332309223695157,-60.81042094189671,-60.71042094189671,0.0,9.43008037006453,0.0,0.5095861850947369,0.5000752683321131,-0.009510916762623722,0
sample_20250909_130301,2022,2024,-3.2539260817562505,-3.1539260817562504,-57.147502067596896,-57.047502067596895,0.0,157.1570387651032,0.0,0.45035253964099403,0.45503422755126377,0.004681687910269738,0
sample_20250909_130320,2022,2024,-8.64506997197204,-8.54506997197204,-56.792078578713316,-56.692078578713314,0.0,9.350991528176698,0.0,0.5196789800145004,0.5108560259477214,-0.00882295406677902,0
sample_20250909_130339,2022,2024,-6.862464283742661,-6.762464283742661,-61.8754472991777,-61.7754472991777,0.0,3.273817664531633,0.0,0.5040881239756911,0.4911298133326488,-0.012958310643042315,0
sample_20250909_130455,2022,2024,-7.302505479132929,-7.202505479132929,-61.149673988031665,-61.049673988031664,0.0,3.814228875732422,0.0,0.492999911295679,0.4925180539232592,-0.00048185737241979165,0
sample_20250909_130530,2022,2024,-3.9765645926044417,-3.8765645926044416,-60.18779260811172,-60.08779260811172,0.0,1.248702508544922,0.0,0.5058769152423697,0.49779214065498134,-0.008084774587388321,0
sample_20250909_130547,2022,2024,-4.429920201487911,-4.329920201487911,-61.07866102873312,-60.97866102873312,0.0,57.25980694888844,0.0,0.5010121572512624,0.48522912127799883,-0.015783035973263526,0
sample_20250909_130639,2022,2024,-3.746902262972375,-3.646902262972375,-57.5680544920306,-57.468054492030596,0.0,102.91802850861194,0.0,0.30802732609155536,0.31563743520020304,0.007610109108647678,0
sample_20250909_130658,2022,2024,-5.6265050270074815,-5.526505027007482,-61.42301310285616,-61.32301310285616,0.0,5.388751202009613,0.0,0.5012909167748753,0.498214966335216,-0.0030759504396592474,0
sample_20250909_130737,2022,2024,-5.770910286325234,-5.670910286325235,-55.1222149328474,-55.0222149328474,0.0,1.3344843078613282,0.0,0.5250642308157986,0.5260085233527612,0.0009442925369625987,0
sample_20250909_130809,2022,2024,-7.313597547328688,-7.213597547328688,-55.05000727057391,-54.950007270573906,0.0,2008.6822303939798,0.0,0.41882792798894247,0.38147904594927995,-0.03734888203966252,1
sample_20250909_130837,2022,2024,-7.182874412346548,-7.082874412346548,-62.344470407842486,-62.244470407842485,0.0,4.347212426757813,0.0,0.5092272287085358,0.4996590060977518,-0.009568222610783939,0
sample_20250909_130916,2022,2024,-5.75929359483915,-5.65929359483915,-59.37138797001695,-59.271387970016946,0.0,1.3344601806640626,0.0,0.5064715195339305,0.49791487676858204,-0.00855664276534851,0
sample_20250909_130941,2022,2024,-3.351819014527819,-3.2518190145278187,-62.28837849595236,-62.18837849595236,0.0,1.6622299703440946,0.0,0.5151604066636856,0.5058843534443254,-0.009276053219360203,0
sample_20250909_131010,2022,2024,-3.5710013137543344,-3.4710013137543343,-56.87267876305609,-56.77267876305609,0.0,76.81813939639821,0.0,0.5136308870809355,0.5136919203576906,6.1033276755106947e-05,0
